hgc	residuals
0	
1	0.4145356
2	0.7551671
3	0.6432345
4	0.6139111
5	0.6343341
6	0.7150682
7	0.7137153
8	0.8393006
9	0.6831959
10	0.7667997